k,mean_in,mean_out,mean_xtra
0,237.76195,237.80648685284856,237.8040790794155
